Equipo 1,Equipo 2,Probabilidad Equipo 1,Probabilidad Equipo 2,Clasificado predicho,Marcador estimado
Portugal,España,0.3612215638071326,0.6387784361928673,España,2-1
Estados Unidos,Bélgica,0.6241425849204698,0.3758574150795303,Estados Unidos,2-1
Brasil,Noruega,0.7252998095845978,0.2747001904154022,Brasil,3-0
México,Inglaterra,0.6741411349049022,0.32585886509509787,México,2-0
Argentina,Egipto,0.7486041597594487,0.25139584024055117,Argentina,3-0
Suiza,Colombia,0.40633772562982023,0.5936622743701797,Colombia,2-1
Canadá,Marruecos,0.7345217814381441,0.2654782185618559,Canadá,3-0
Francia,Paraguay,0.7426840590657529,0.25731594093424703,Francia,3-0
