Equipo 1,Equipo 2,Probabilidad Equipo 1,Probabilidad Equipo 2,Clasificado predicho
Portugal,España,0.3612215638071326,0.6387784361928673,España
Estados Unidos,Bélgica,0.6241425849204698,0.3758574150795303,Estados Unidos
Brasil,Noruega,0.7252998095845978,0.2747001904154022,Brasil
México,Inglaterra,0.6741411349049022,0.32585886509509787,México
Argentina,Egipto,0.7486041597594487,0.25139584024055117,Argentina
Suiza,Colombia,0.40633772562982023,0.5936622743701797,Colombia
Canadá,Marruecos,0.7345217814381441,0.2654782185618559,Canadá
Francia,Paraguay,0.7426840590657529,0.25731594093424703,Francia
